,pos,neutral,neg
out,29,0,16
Been,1,0,0
doing,6,0,1
some,31,0,14
work,6,0,2
on,135,8,72
this,88,2,43
evening,1,0,0
Very,3,1,1
intrigued,1,0,0
with,77,1,28
the,257,8,134
technology,3,0,0
and,146,3,84
growth,14,0,4
potential,7,1,6
MY,0,1,0
short,11,3,36
worked,0,1,0
Thank,2,1,0
you,51,2,20
for,155,3,69
hint,0,1,0
puts,3,1,12
up,97,1,32
meanwhile,0,0,3
absolute,0,0,1
garbage,0,0,1
still,29,0,12
stores,2,0,1
TOTALLY,0,0,1
EMPTY,0,0,1
inventory,0,0,1
galore,0,0,1
stock,26,0,15
mispriced,0,0,1
who,5,0,9
would,20,0,13
of,138,3,63
guessed,0,0,2
kill,0,0,2
it,62,3,42
suck,0,0,2
ot,0,0,3
me,5,0,11
lol,1,0,5
Heavy,3,0,0
volume,18,1,3
alert,4,0,0
split,7,0,0
in,138,2,59
defensive,3,0,0
cyclical,3,0,0
sectors,5,0,0
No,5,0,7
edge,3,0,0
offered,3,0,0
runs,1,0,0
into,13,0,13
acquisition,2,0,0
news,15,0,8
make,14,0,7
sure,4,0,3
wait,4,1,1
do,26,0,14
not,65,2,47
settle,1,0,0
that,49,0,24
be,69,0,30
throwing,1,0,0
money,8,0,6
away,1,0,1
can,16,2,13
go,16,2,8
down,17,0,35
china,1,0,2
was,15,0,10
always,1,0,1
APL,1,0,1
ace,0,0,1
sleeve,0,0,1
now,31,1,14
seems,4,0,4
like,29,0,24
its,10,0,11
helping,0,0,1
downtrend,1,0,1
ince,1,0,0
mastered,2,0,0
their,7,0,4
supply,3,0,0
chain,3,0,0
cornering,1,0,0
NAND,1,0,0
Apple,15,2,7
EVERYONE'S,1,0,0
big,12,1,6
dumping,0,0,1
touch,2,0,1
while,8,0,4
trade,22,0,4
continuing,3,0,0
very,13,0,7
nicely,3,0,0
from,40,0,16
yesterday,10,0,1
almost,6,0,0
entry,7,0,1
deal,7,0,1
pricing,2,0,0
tonight,4,0,0
looking,22,0,7
strong,16,0,4
here,38,1,18
End,6,0,13
Of,14,2,16
Day,8,0,13
Scan,6,0,13
Stochastic,1,0,13
Overbought,0,0,13
_url,401,11,175
Headline,2,0,0
should,18,0,10
read,3,0,1
Saudi's,2,0,0
are,50,0,27
capable,2,0,0
increasing,4,0,0
oil,6,0,1
capacity,2,0,0
because,7,0,5
reserves,2,0,0
decline,2,0,0
So,7,0,2
as,33,2,13
today's,10,0,2
close,21,0,10
am,27,0,7
long,42,1,10
all,41,1,17
longer-term,4,0,0
technical,6,0,2
swing,9,0,2
basis,4,0,0
let,11,0,4
us,10,0,2
see,28,2,10
bounce,5,1,2
above,13,0,5
could,18,0,3
get,15,0,5
going,14,2,11
Note,2,0,0
monthly,3,0,1
chart,12,0,8
how,7,0,4
recaptured,1,0,0
support,14,0,7
possible,3,1,3
double,3,1,2
bottom,7,1,4
set,1,0,0
trading,7,1,3
at,84,1,33
all-time,1,0,0
high,19,0,8
after,17,2,7
earnings,12,0,8
report,1,0,0
days,6,0,5
interest,3,0,2
SPECULATION,3,0,0
If,13,0,1
positive,16,0,0
outcome,6,0,1
lung,4,0,0
we,25,0,10
may,17,0,10
Filing,3,0,0
by,19,0,15
Soros,3,0,0
Icahn,3,0,0
et,3,0,1
al,4,0,1
Put,2,0,1
chum,0,0,1
there,9,0,3
key,2,0,1
then,12,0,7
next,16,0,12
level,2,0,1
careful,0,0,6
Good,17,0,2
idea,4,0,0
buy,41,1,11
half,3,0,0
BAC,1,0,0
Alibaba,0,0,2
IPO,0,0,3
hoopla,0,0,2
hide,0,0,2
risk,2,0,7
Chinese,0,0,4
stocks,45,1,8
One,1,0,1
thing,7,0,2
is,172,3,74
food,0,0,1
Its,1,0,1
barely,0,0,2
getting,9,0,10
warm,0,0,1
chicago,0,0,1
looks,11,0,8
drought,0,0,1
conditions,1,0,2
soil,0,0,1
already,4,0,4
imagine,1,0,2
shorts,11,0,9
wanting,1,0,0
to,212,6,122
weekend,7,0,1
without,4,0,1
taking,5,1,3
care,2,0,1
position,11,0,3
nice,21,0,2
atch,1,0,0
resistance,7,0,5
Basing,1,0,0
over,25,0,14
bullish,24,0,1
watch,11,1,11
near,4,0,3
HOD,6,0,0
Currently,1,0,1
Big,3,0,2
Money,2,0,1
Is,13,0,4
Pouring,1,0,0
Into,1,0,2
Facebok,12,0,9
From,5,0,1
All,2,0,0
Directions,1,0,0
url,1,0,0
Out,5,0,3
Clearing,0,0,1
cash,5,0,3
Will,12,0,5
look,12,0,5
re-entry,1,0,1
week,22,1,11
Steiner√¢,2,0,0
‚Ç¨,4,0,0
‚Ñ¢,2,0,0
s,14,0,5
Spas,2,0,0
Sail,2,0,0
With,6,0,5
Wealthy,2,0,0
Defying,2,0,0
Downturn,2,0,0
someone,1,0,1
have,28,1,23
pointed,0,0,1
earlier,3,0,4
think,6,0,6
recall,1,0,4
post,3,0,2
but,47,1,19
man,1,0,2
one,10,1,13
don,4,0,0
listen,4,0,1
other,15,0,2
twits,3,0,0
‚Ä¶,8,0,2
just,21,0,11
follow,7,0,3
trend,7,0,0
flow,5,0,0
tapping,1,0,0
re-enter,0,0,1
.,9,0,12
Found,6,0,0
good,32,0,10
bull,12,1,1
setups,6,0,3
-->,5,0,1
if,20,0,17
mkt,7,0,2
helps,5,0,0
so,17,0,6
volatile,0,0,1
yowza,0,0,1
:P,0,0,1
Morgan,2,0,1
will,43,0,31
weight,1,0,0
oversold,4,0,0
within,2,0,1
month,4,0,0
QQ,0,0,3
case,1,0,3
noticed,0,0,1
hort,0,0,2
Percent,1,2,1
Float,0,0,2
what,12,1,13
happened,0,0,2
those,3,0,3
shorting,2,0,6
neg,1,0,1
pumpers,0,0,1
oh,0,0,1
Add,3,0,0
positions,2,0,1
posted,2,0,0
Exit,2,0,0
XLY,2,0,0
lost,0,0,2
my,20,0,14
investment,3,0,3
Sure,0,0,1
wish,1,0,1
bad,8,0,4
came,2,0,2
few,8,0,6
Think,0,0,2
Russia,0,0,1
wrong,1,0,1
Berkowitz,1,0,0
did,4,0,3
add,9,0,1
shares,9,0,4
He,1,0,0
added,9,0,1
an,18,0,7
increase,3,0,0
Last,1,0,2
year,23,0,6
fell,0,0,2
debt,0,0,7
downgrade,1,0,3
early,5,0,3
august,0,0,1
S,0,0,1
corrected,0,0,2
before,18,1,7
DG,0,0,1
which,1,0,6
due,3,0,2
slow,0,0,1
been,11,1,8
frustrating,0,0,1
Every,0,0,1
tall,0,0,1
green,5,0,1
bar,0,0,1
gets,3,0,4
followed,0,0,2
immediately,0,0,1
weeks,6,1,8
consolidation,3,0,1
need,3,0,2
break,8,0,2
again,14,0,7
tight,2,1,2
price,8,1,6
consecutive,0,1,0
new,32,0,13
squeeze,3,0,5
plays,2,0,3
Curious,2,0,1
know,9,0,3
why,6,0,7
LNKD,2,0,1
great,18,0,3
does,7,0,10
side,6,0,1
Fb,2,0,1
And,9,0,3
Seems,2,0,2
little,8,0,1
also,10,0,1
Moved,7,0,0
Upper,7,0,0
Bolinger,7,0,0
Band,7,0,0
You,1,0,5
many,4,0,2
times,0,0,1
find,3,0,3
top,11,0,5
bottoms,0,0,1
when,7,0,3
start,3,0,6
rejoicing,0,0,3
or,12,2,10
bulls,2,0,2
breaking,4,0,1
market,16,3,14
pulls,2,0,0
back,15,0,11
Never,7,0,4
told,7,0,0
situation,7,0,0
Buy,19,0,3
dip,12,0,2
BlackBerry,3,0,0
Messenger,2,0,0
only,5,0,7
user,2,0,0
loyalty,2,0,1
says,4,0,3
study,2,0,0
supermarket,1,0,1
Buying,5,0,0
Weakness,3,0,0
Quality,2,0,0
Stocks,26,0,7
High,4,0,0
Cash,4,0,0
Returns,2,0,0
March,10,0,3
LED,3,0,0
light,3,0,0
bulb,3,0,0
prices,8,0,0
rise,4,0,0
Japan,4,0,0
fall,3,0,8
markets,5,0,1
Would,1,0,2
clear,1,0,1
tomorrow,6,1,4
million,6,0,4
highest,0,0,1
last,19,0,11
RT,3,0,3
Breadth,0,0,1
Consolidates,0,0,1
After,0,0,2
steady,0,0,1
gains,7,0,2
dvances,0,0,1
breadth,1,0,1
slowe,0,0,1
given,1,0,0
broad,3,0,0
environment,1,0,0
expect,1,0,1
flawlessly,1,0,0
aggressively,1,0,0
holds,2,0,1
patents,3,0,1
goes,3,0,5
patent,1,0,2
today,40,1,17
later,3,0,0
riser,1,0,0
january,3,0,0
Healthcare,1,0,0
Conference,1,0,0
presentation,1,0,0
Positive,3,0,0
catalyst,4,0,0
Could,5,0,3
strategy,1,0,1
exit,2,0,1
pop,4,0,0
Goldman,6,0,0
Suks,1,0,0
bring,2,0,4
day,40,0,13
Look,2,0,1
solar,1,0,0
rebound,2,0,1
Long,26,0,1
learn,2,0,1
anything,3,0,1
about,16,0,16
biotech,2,0,0
investing,2,0,0
patience,3,2,0
pays,2,0,0
off,19,0,8
Surprising,2,0,0
sales,12,0,2
numbers,3,0,1
holding,18,0,1
well,10,1,3
guess,4,0,0
end,3,0,5
might,4,0,4
concern,2,0,0
feel,2,0,3
people,7,0,3
buying,17,0,5
same,10,0,1
ones,0,0,1
finger,0,0,1
sell,8,1,10
button,0,0,1
gap,19,1,6
filled,1,0,0
Has,2,0,4
European,0,0,6
crisis,1,0,5
entered,1,0,4
dangerous,0,0,4
phase,0,0,4
highs,15,0,0
lots,5,0,0
technicals,2,0,0
right,11,0,6
BO,2,0,0
resist,1,0,0
really,3,0,3
topy,0,0,1
bands,1,0,0
tighten,1,0,0
holiday,1,0,0
PR,1,0,1
Continues,1,0,1
consolidate,2,0,0
previous,1,0,1
area,5,0,2
Down,5,0,4
biotechs,5,0,0
load,5,0,0
Be,6,0,2
confident,7,0,2
Agreed,5,0,0
downes,5,0,0
Lots,6,0,0
metal,6,0,0
run,14,0,3
awaits,5,0,0
PAAS,3,0,0
most,11,0,2
quality,8,0,0
names,9,1,2
cooperate,3,0,0
These,0,0,4
companies,7,0,7
worried,0,0,4
iCloud,0,0,4
April,1,0,1
vol,7,0,4
needs,3,0,2
fill,7,2,0
decent,2,0,0
supt,1,0,0
here-expect,1,0,0
upside,12,0,0
Multi,0,0,1
Top,14,0,1
finally,4,0,1
leads,1,0,2
Stability,0,0,1
questioned,0,0,1
coming,14,0,2
tell,0,0,1
US,5,0,0
Adds,4,0,1
Jobs,5,0,0
In,17,2,2
November,4,0,0
Most,7,0,0
Since,3,0,0
Unemployment,3,0,0
Rate,3,0,0
Remains,3,0,0
At,5,0,3
Gold,6,2,1
Futures,3,0,0
your,8,0,3
optimism,2,0,0
VUS,1,0,0
moving,2,0,3
no,18,1,11
NCE,1,0,0
Agenda,1,0,0
simple,1,0,0
GSK,1,0,0
claim,1,0,0
active,2,0,0
moiety,2,0,0
points,1,0,3
two,5,0,4
games,2,0,1
accuses,1,0,1
copyright,1,0,1
infringement,1,0,2
LEE,1,0,0
ready,5,0,7
bankruptcy,1,0,0
Strong,1,0,0
starting,5,0,1
creep,1,0,1
sits,1,0,1
hod,2,0,3
pre-order,1,0,0
imo,2,0,0
sold,4,0,9
Pre,1,0,0
order,2,0,2
amazing,7,0,1
China,8,0,6
winners,4,0,0
ascending,2,0,0
channel,2,0,1
Finfiz,1,0,0
precedes,0,1,0
romance,0,2,0
brand,1,0,0
name,5,0,2
fail,1,0,0
bet,3,0,0
they,16,0,20
recover,1,0,1
bought,13,0,4
until,3,0,0
lows,3,0,3
Sold,1,0,4
Oct,1,0,1
Calls,5,0,0
NOBS,0,0,1
bios,0,0,2
small,13,0,5
caps,0,0,3
splits,0,0,1
lipstick,0,0,1
pig,2,0,1
Splits,0,0,1
mid,0,0,1
mega,0,0,1
Not,6,0,8
pos,0,0,3
making,5,0,0
normally,2,0,0
produce,3,0,1
held,2,0,2
Maybe,1,0,1
move,11,0,5
undervalued,1,0,0
has,21,1,10
major,5,0,2
drops,1,1,2
further,1,1,3
Gap,0,1,1
any,6,2,2
action,2,2,1
VMarkets,0,0,4
Are,0,0,10
Still,11,0,5
Acting,0,0,4
Weak,0,0,5
Homebuilders,0,0,1
below,6,1,6
want,7,0,5
morning,26,0,3
time,14,2,10
low,4,1,3
Tifany's,0,0,1
overvalued,0,0,2
See,0,0,6
Graphs,0,0,1
share,2,0,2
total,7,1,3
value,2,0,0
company,10,0,0
crunching,1,0,0
The,17,0,9
diamond,1,0,0
rough,1,0,0
Overtake,1,0,0
As,2,0,5
Largest,1,0,0
Online,2,0,0
Gaming,1,0,0
Market,2,0,11
Says,1,0,0
Report,4,0,2
Loss,1,0,3
opportunity,4,0,2
capital,1,0,1
CHK,0,0,1
stopped,0,0,1
even,7,0,2
yesterdays,0,0,1
probably,1,0,1
headed,0,0,1
Micron,2,0,1
Shares,1,0,2
Pounded,1,0,1
On,6,0,6
Fears,1,0,1
Business,1,0,1
Stifel,1,0,1
Defends,1,0,1
broke,8,0,0
professional,1,0,0
ANAL-yst,1,0,0
DO,1,0,0
put,10,0,5
mouth,1,0,0
yr,1,0,0
nd√¢,1,0,0
‚Äù,1,0,0
another,6,0,5
honey,1,0,0
ong,1,0,0
LEAPS,2,0,0
rather,3,0,1
buyer,5,0,1
UGAZ,1,0,1
these,14,0,5
levels,4,0,6
trying,5,0,2
DGAZ,1,0,0
coreleation,1,0,1
between,2,0,2
dollar,1,0,3
index,3,0,1
simply,1,0,1
finds,1,0,1
retreats,1,0,1
clockwork,1,0,1
banks,1,0,2
seriously,2,0,1
ER,3,0,3
guide,1,0,0
delay,1,0,0
smell,2,0,0
rate,3,0,0
Three,4,0,1
hot,4,0,0
Thanks,2,0,1
While,2,0,0
winner,3,0,0
ringing,1,0,0
register,1,0,0
We,3,0,3
dollars,1,0,1
hell,1,0,0
win,2,0,1
Tony,1,0,0
strikes,1,0,0
FBR,1,0,0
Capital,4,0,2
reiterated,2,0,0
Outperform,4,0,0
rating,2,0,0
target,11,1,6
Friday,13,0,2
yeah,3,0,2
dude,1,0,0
airplanes,1,0,0
flying,4,0,0
rising,0,0,1
RSI,4,0,1
MACD,6,0,1
bond,1,0,1
signaling,0,0,1
moves,3,0,1
more,40,2,13
downside,2,0,1
drop,5,0,4
vs,3,0,2
moved,1,0,1
Sounds,1,0,1
cost,0,0,2
cutting,0,0,1
course,2,0,1
Tom,1,0,1
way,4,1,7
turn,2,0,1
around,11,0,3
Miller,0,0,1
Lite,0,0,1
quickly,0,0,1
Loaded,1,0,0
oking,1,0,0
than,13,0,10
What,5,0,2
Santa,2,0,0
Rally,9,0,0
improbable,2,0,0
blow,3,0,0
finishing,2,0,3
check,1,0,0
nov,1,0,0
jun,1,0,0
factor,1,0,0
goggle,1,0,0
repeated,1,0,0
too,10,1,2
shortsighted,1,0,0
opened,1,0,0
red,2,0,5
significantly,1,0,0
continue,3,0,0
surge,1,0,0
ripe,4,0,1
saying,2,0,1
peak,1,0,0
fear,2,0,1
mongering,1,0,0
Competition's,1,0,0
dying,1,0,0
smartphone,1,0,0
usage,1,0,0
Watch,4,0,2
flags,3,0,0
Sees,2,0,0
net,2,0,1
revenues,2,0,0
mln,2,0,0
yoy,5,0,0
approximately,1,0,0
Energy,2,0,2
liking,1,0,1
Whiting,1,0,0
each,1,0,0
Bounced,2,0,1
hedge,1,0,1
slope,1,0,1
Transports,1,0,0
lead,3,0,0
DT,1,0,0
line,8,0,0
cross,3,0,0
flag,3,0,2
Govt,1,0,0
chasing,3,0,0
joke,1,0,0
There,3,0,1
Getting,2,0,1
attention,4,0,0
NYSE,1,0,1
list,5,0,0
Highest,8,0,0
since,11,0,8
november,2,0,0
hearing,3,0,0
secret,1,0,1
partner,1,0,0
purchased,1,0,0
millions,1,0,0
actually,4,1,1
T-Mobile,1,0,0
Do,2,1,1
buyout,1,0,1
blame,1,0,2
anyone,3,0,4
profits,3,0,3
primed,2,0,0
poised,2,0,0
domestic,2,0,0
automakers,2,0,0
keep,5,0,2
G-rated,0,0,1
mupets,0,0,1
ruck,0,0,1
higher,11,1,2
avoid,0,0,1
except,0,0,1
perhaps,1,0,1
whole,0,0,1
presented,0,0,1
flyers,0,0,1
hits,0,0,1
loss,1,0,3
exceptions,0,0,1
crying,0,0,1
Went,1,0,0
thinks,4,0,0
lucky,1,0,0
enough,2,0,2
better,6,0,4
take,8,0,4
chase,1,0,0
call,17,0,0
h,1,0,0
quite,1,0,1
yet,5,1,4
Here,1,0,0
hr,1,0,0
resolve,2,0,0
Europe,1,0,1
implode,0,0,1
stress,0,0,1
tests,0,0,1
failing,0,0,1
Swirl,0,0,1
bonds,0,0,1
CDS,0,0,1
gold,5,0,1
selloff,0,0,2
New,9,0,1
recommendation,1,0,0
Carl,1,0,0
Kirst,1,0,0
BMO,1,0,0
Markets,5,0,0
BUY,3,0,1
rice,1,0,0
Momentum,2,0,0
building,2,0,0
breakout,12,0,1
trigger,2,0,0
setup,5,0,2
pair,2,0,0
favorite,5,0,0
consistent,2,0,0
cult,0,0,1
stocktwits,0,0,1
disgusting,0,0,1
karate,0,0,1
chop,0,0,1
them,3,0,10
My,1,0,3
bat,0,0,1
k-chop,0,0,1
BAT,0,0,1
Fight,0,0,1
Taking,1,0,1
Back,4,0,3
stop,11,0,1
mechanically,1,0,0
driving,1,0,1
public,1,0,0
LOWER,1,0,0
record,1,0,0
corp,1,0,0
cheap,4,0,3
financing,2,0,0
fueling,1,0,0
wave,1,0,0
acquisitions,1,0,0
parabolic,2,0,0
wonder,2,0,0
tops,3,0,0
boys,2,0,0
Boz,0,0,1
Allen,0,0,1
leveraged,0,0,1
loan,0,0,1
slips,0,0,1
alongside,0,0,1
NSA,0,0,1
leak,0,0,1
weakest,0,0,1
sector,3,0,2
false,0,0,1
announcing,1,0,0
divy,1,0,0
maintain,1,0,0
yield,5,0,1
running,3,0,2
cover,3,0,1
ETFs,1,0,1
subject,0,0,1
decay,0,0,1
daily,5,0,4
rebalancing,0,0,1
For,6,0,1
term,5,0,5
hold,5,0,3
safer,0,0,1
Signs,1,0,0
life,1,0,1
emerging,2,0,0
:),1,0,3
neutral,1,0,1
bearish,2,0,6
pickers,1,0,0
Murray,2,0,0
leaves,1,0,0
competitor,1,0,0
Adidas,1,0,0
Diversifies,1,0,0
International,1,0,0
exposure,1,0,0
tennis,1,0,0
won,1,0,0
Open,1,0,0
Olympic,1,0,0
i-Grid,0,0,1
shows,0,0,1
capped,0,0,1
range,2,1,3
ny,0,0,1
rally,12,0,2
beyond,1,0,1
meltdown,0,0,1
IMPO,2,0,0
FDA,3,0,0
allow,3,0,0
subscribe,2,0,0
diet,2,0,0
drugs,2,0,0
yrs,2,0,0
Lorc,2,0,0
Qnex,2,0,0
luck,2,0,1
September,0,0,1
Comparable,0,0,1
Store,0,0,1
Sales,0,0,4
Making,1,0,0
consolidates,1,0,0
past,4,0,1
several,1,0,0
Okay,3,0,0
miner,3,0,0
possibly,3,0,1
lower,10,0,7
pe,3,0,1
tech,7,0,0
tmrw,4,0,0
Watching,6,0,5
hpq,3,0,0
flat,0,0,2
Oh,1,0,1
hospital,0,0,1
reits,0,0,1
slaughtered,0,0,1
Even,3,0,3
plus,0,0,1
div,5,0,1
cry,0,0,1
To,9,0,5
Surge,1,0,0
Higher,4,0,4
conversation,2,0,0
activity,2,0,0
Had,2,0,0
quiet,2,1,0
hours,4,0,0
intend,0,0,1
being,7,0,4
nay,0,0,1
sayer,0,0,1
love,2,0,2
Co,1,0,1
choice,1,0,0
hype,1,0,1
ha,0,0,1
black,0,0,1
crows,0,0,1
bear,1,1,6
promising,1,0,1
IMO,2,0,2
Stay,1,0,2
Best,6,0,2
Breed,1,0,0
Room,1,0,0
Run,1,0,0
via,18,0,5
USIO,0,0,1
ops,0,0,1
profitable,2,0,2
drag,0,0,3
bloom,0,0,1
lake,0,0,1
divesting,0,0,1
Boeing,1,0,1
Company,0,0,1
BA,0,0,1
Bearish,0,0,1
Trader,0,0,1
bets,0,0,2
Stock,4,0,5
Sell,1,2,7
Off,0,0,3
July,2,0,1
Expiry,0,0,1
totally,0,0,1
missed,1,0,1
jump,2,0,2
test,3,0,2
congratulations,0,0,1
Downbeaten,4,0,0
buys,6,0,0
picked,2,0,0
Worst,0,0,5
performers,5,0,5
best,5,0,6
nothing,6,0,1
inevitable,1,0,1
Korea,0,0,1
Bullish,7,2,1
MA,10,0,0
Crossovers,6,0,0
Aha,1,0,0
Someone,1,0,0
wants,4,0,3
trendline,1,0,1
humming,0,0,1
easing,0,0,3
overbought,0,0,3
funny,2,0,0
AH,6,0,5
approval,2,0,0
How,3,0,2
Ron,0,0,1
Johnson,0,0,1
tried,0,0,1
failed,0,0,5
inject,0,0,1
bit,1,0,2
culture,0,0,1
JC,0,0,1
Peney,0,0,1
TUAW,0,0,1
prettiest,0,1,0
candlesticks,0,1,0
signs,3,1,3
risky,1,0,1
watching,8,1,3
closely,0,0,1
bot,5,0,0
zone,3,0,1
:D,1,0,0
Less,0,0,4
calling,0,0,1
Some,1,0,1
heading,0,0,2
exits,1,0,1
crash,0,0,1
Disturbing,0,0,1
Bet,1,0,1
Weds,0,0,1
especially,0,0,1
SPY,0,0,8
decides,0,0,1
wane,0,0,1
Fader,0,0,1
play,7,0,3
jmho,1,0,1
Utilities,1,0,0
enjoyed,1,0,1
improved,1,0,0
Large,1,0,0
cap,3,0,2
catch,4,0,0
rest,3,0,0
weak,1,0,15
res,1,0,1
maybe,6,0,7
say,3,0,0
heat,2,0,0
turning,2,0,0
Coming,3,0,0
far,8,0,1
implies,1,0,0
pay,2,0,5
business,4,0,7
anyways,3,1,0
gist,0,0,1
downgrades,0,0,12
apple,1,0,2
phone,1,0,1
help,0,0,1
supercharge,0,0,1
were,2,0,2
um,0,0,1
Another,1,1,2
gain,4,0,5
following,2,0,0
wek's,1,0,0
huge,3,1,0
april,1,0,0
calls,16,0,4
having,1,0,1
much,9,1,8
industrial-gods,5,0,0
insiders,5,0,0
types,0,0,1
articles,0,0,1
SS,0,0,1
rose,0,0,1
hit,1,0,2
our,1,0,6
BTW,1,0,0
turmoil,2,0,0
MENA,1,0,0
region,1,0,1
shippers,1,0,0
perform,1,0,0
performs,1,0,0
farm,1,0,0
hopeful,1,0,0
things,2,0,0
soon,8,0,2
parties,0,0,3
loaded,0,0,3
volatility,1,1,3
sign,2,0,1
Unles,1,0,1
NASDAQ,2,0,1
globally,6,0,0
avengers,1,0,0
sick,1,0,0
tan,1,0,0
lee,1,0,0
beast,1,0,0
Bufet's,2,0,0
Shows,2,0,0
Stakes,2,0,0
CVS,2,0,0
Visa,2,0,0
General,4,0,0
Dynamics,2,0,0
idk,1,0,0
lot,4,0,3
mine,1,0,0
tied,1,0,0
SGNL,1,0,0
ONCY,1,0,0
GL,2,0,0
Got,2,0,0
push,3,0,2
sweepers,2,0,0
May,2,0,2
Bary,0,0,1
Port,0,0,1
Unloaded,0,0,1
Worth,2,0,1
Ensign,0,0,1
Group,0,0,1
Inc,6,0,5
ENSG,0,0,1
wek,4,0,1
snatch,1,0,0
blinked,1,0,0
eye,2,0,0
continues,3,0,1
Hit,0,0,1
Lawsuit,0,0,1
Russian,0,0,1
Search,2,0,1
Engine,0,0,1
CO,1,0,0
regular,0,0,1
scrappy,0,0,1
usually,0,0,2
presents,0,0,1
margins,0,0,3
less,4,0,5
tape,5,0,0
avg,3,0,0
alot,2,0,1
every,9,0,1
Bid,0,0,1
Reargument,0,0,1
Denied,0,0,1
Judge,0,0,2
upcoming,1,0,0
Yahoo,3,0,2
CN,1,0,0
CBSNews,1,0,0
response,0,0,1
thoughts,0,0,1
Nikesh,0,0,1
fit,0,0,1
visionary,1,0,1
aspects,0,0,1
weekly,11,0,2
statistics,1,0,0
real,3,0,3
losers,0,0,6
Ms,0,0,1
Nasdaq,2,0,1
transactions,0,0,1
profit,2,0,5
sad,0,0,1
Vertex,1,0,0
Monthly,1,0,0
hi,3,0,0
lo,1,0,0
intract,1,0,0
broker,0,0,1
leave,2,0,2
core,1,0,2
daytrade,1,0,0
Free,1,0,0
Net,1,0,0
Africa,1,0,0
ROI,1,0,0
piss,1,0,0
investors,4,0,2
picture,1,0,0
BRILLIANT,1,0,0
Boy-wonder,1,0,0
Zuck,1,0,0
slid,1,0,4
story,0,0,1
unhappy,0,0,1
ending,0,0,1
Typical,0,1,1
Yeah,0,0,1
Pretty,0,0,1
seen,0,0,2
gainers,6,0,0
had,7,0,3
history,2,0,1
lack,0,0,1
shame,0,0,1
Indexes,4,0,0
industry,5,0,0
groups,3,0,0
track,5,0,0
closed,5,0,1
RS,5,0,0
belo_url,0,0,1
Avago,2,0,0
Broadcom,2,0,0
Combine,2,0,0
Billion,3,0,0
Deal,3,0,0
Problem,1,0,1
fund,5,0,0
pullback,1,0,0
anymore,1,0,4
awesomely,1,0,0
Check,1,0,0
mess,2,0,0
shipping,1,0,0
stuf,3,0,0
SOLD,0,0,2
Sorry,0,0,1
late,1,0,2
DropBox,0,0,1
selling,4,0,6
pennies,1,0,1
Just,4,0,2
Box,0,0,1
Book,1,0,0
makes,1,0,1
citing,3,0,0
Steve,1,0,0
he,3,0,0
cracked,1,0,0
code,1,0,0
simplifying,1,0,0
integrating,2,0,0
TV,6,0,0
cloud,3,0,4
Imagine,1,0,1
impact,2,0,0
Southwest,1,0,0
Lowest,1,0,0
Multiple,2,0,0
Ever,1,0,0
Mute,0,0,1
point,9,0,1
hard,1,0,6
landing,0,0,1
bank,1,0,1
collapse,0,0,1
american,0,0,1
apl,0,0,2
products,0,0,2
artist,2,0,0
myself,2,0,0
MM,2,0,0
talk,2,0,0
orchestrated,3,0,0
BS,3,0,0
Jan,2,0,1
straight,2,0,1
Key,0,0,1
reject,0,0,1
Added,2,0,0
Cost,1,0,0
Bounce,3,0,0
OI,2,0,0
pivot,1,0,0
BTO,1,0,0
Apr,1,0,1
ride,2,0,0
ish,1,0,0
PNC,2,0,0
Sachs,5,0,0
Receive,2,0,0
Dividend,5,0,0
Hike,2,0,0
Green,2,0,0
Light,2,0,0
But,3,0,0
Act,2,0,0
):,5,0,0
excited,3,0,0
Monday,2,0,2
commodity,0,0,1
weakness,1,0,3
staple,0,0,1
along,0,0,1
consumer,0,0,3
smalcap,0,0,1
multiple,0,0,1
expansion,1,0,1
algo,0,0,1
recent,2,0,1
Congrats,1,0,1
sells,0,0,2
his,2,0,2
pull,0,0,2
similar,0,0,2
bulish,0,0,1
LOD,0,0,1
mostly,1,0,0
biggest,2,0,1
Crude,0,0,3
Oil,5,0,9
Bears,4,0,5
Take,2,0,3
Clear,0,0,3
Near,4,0,4
Term,0,0,3
Advantage,0,0,3
Short,3,0,14
Position,2,0,0
CNP,1,0,0
Closed,6,0,1
Profit,1,0,0
reason,1,0,2
dog,1,0,1
months,2,0,2
LF,0,0,1
damn,1,0,1
priced,2,0,1
SELL,0,0,4
signal,2,0,2
internals,0,0,2
DOWN,0,0,2
period,1,0,0
Connors,1,0,0
book,1,0,0
strategies,1,0,0
Published,1,0,0
estimate,1,0,0
Estimize,3,0,0
EPS,8,0,1
Revs,1,0,0
compared,3,0,0
Wall,3,0,1
Stret's,1,0,0
consensus,2,0,0
Equity,5,0,0
indexes,4,0,0
working,5,0,0
engulfing,2,0,1
Smal-caps,2,0,0
semis,2,0,0
fakeout,2,0,0
four-year,0,0,1
kept,0,0,1
production,0,0,2
unchanged,0,0,1
sideways,0,1,0
make-up,1,0,0
ugliness,1,0,0
<--,3,0,0
BOOM,1,0,0
P,3,0,3
E,2,0,2
negative,1,0,1
L,1,0,1
hardware,1,0,1
software,1,0,1
product,1,0,2
innovator,1,0,1
cents,0,0,2
averaged,0,0,1
pl,0,0,1
saver,0,0,1
losses,0,0,1
old,1,0,2
il,0,0,1
dips,2,0,1
Plan,2,0,0
Holding,3,0,0
stops,3,0,0
accumulating,2,0,0
pulback,2,0,0
free,1,0,0
brother's,1,0,0
shadow,1,0,0
Ascending,1,0,0
Triangle,3,0,0
minute,4,0,3
Breakout,7,0,0
accumulate,1,0,0
Sets,2,0,0
Up,5,0,1
Part,2,0,0
II,2,0,0
Something,0,1,0
happen,1,1,0
pre,0,1,0
ep,0,1,1
EYES,0,1,0
open,3,1,3
Double,2,0,0
haven,0,0,1
runup,0,0,1
hanging,2,0,2
tough,4,0,0
analyst,3,0,0
upgrades,4,0,0
Coal,3,0,0
poking,1,0,0
head,3,0,1
Here's,9,0,0
candle,1,0,1
Fed,1,0,0
stimulus,1,0,0
kind,1,0,0
defended,1,0,0
Obama,3,0,0
thus,1,0,0
exceptionally,1,0,0
Romney,1,0,0
economy,2,0,0
AP,1,0,0
Caterpillar,1,0,0
posts,1,0,0
percent,2,0,1
steep,1,0,0
global,2,0,0
St,1,0,0
view,2,0,1
Loving,1,0,0
BTU,1,0,0
coal,1,0,0
WLT,1,0,0
exciting,0,1,0
paint,0,1,0
dry,0,1,0
w,2,1,1
Fundamentally,1,0,0
changed,3,0,1
others,3,0,0
whether,1,0,0
NEW,1,0,2
POST,0,0,2
Stares,0,0,2
Abyss,0,0,2
Smartphone,1,0,0
Wars,1,0,0
Wound,1,0,0
Samsung,1,0,0
Nokia,1,0,0
Rallies,1,0,0
Chart,2,0,4
It,5,0,0
CHINA,1,0,0
where,2,0,1
Pay,2,0,0
HERBIE,1,0,0
got,6,0,5
bored,0,0,1
took,0,0,2
proprietary,0,0,1
option,3,0,2
liquidity,0,0,1
lousy,0,0,1
spreads,0,0,1
gained,1,0,0
average,6,0,4
nine,1,0,0
years,5,0,3
Rival,1,0,0
WATCO,1,0,0
eyeing,2,0,0
take-over,1,0,0
JAPAN,4,0,0
EARNINGS,4,0,0
Topix,4,0,0
reported,8,0,0
worst,3,0,1
reasonably,1,0,0
institutional,1,0,0
glamour,1,0,0
least,5,0,2
FB,2,0,0
Bull,2,0,0
Insperity,1,0,0
Gilead,1,0,1
Enough,1,0,0
movement,1,0,0
StockMasters,0,0,1
Debt,0,0,2
once,1,0,1
Keeps,0,0,1
Nice,16,1,18
cup-and-handle,2,0,0
shaping,2,0,0
End-of-day,2,0,0
favors,2,0,0
bail,2,0,0
Greece,2,0,1
Sprint,1,0,0
CFO,1,0,0
Profitability,1,0,0
Lightsquared,1,0,0
Upon,1,0,0
GPS,1,0,0
Clearance,1,0,0
Network,1,0,0
Vision,1,0,0
Flow,1,0,0
Price,1,0,2
Target,3,0,0
Raised,1,0,0
BTIG,1,0,0
Strictly,1,0,0
bounced,1,0,0
MT,1,0,0
Amazing,1,0,1
seeing,3,0,1
everyone,3,0,1
suddenly,1,0,1
touting,1,0,0
covered,2,0,2
dividend,2,0,1
rock,1,0,0
roll,1,0,1
cold,0,0,1
dent,0,0,1
massive,2,0,2
horizontal,1,0,1
rig,0,0,1
Who,1,0,1
knows,0,0,1
Decision,0,1,0
Over,2,1,0
TL,0,1,0
used,3,0,0
trail,1,0,0
Certainly,1,0,0
recently,4,0,0
Posted,1,0,0
gyrating,1,0,0
keeping,1,0,0
float,1,0,1
likely,1,0,1
deep,1,0,1
optimistic,1,0,0
Keeping,1,0,0
Receives,2,0,2
Year,1,0,0
Contract,1,0,0
Saudi,1,0,0
Arabian,1,0,0
Steel,1,0,0
Mill,1,0,0
splat,0,0,1
poor,1,0,1
orders,0,0,1
Prices,0,0,3
Looking,6,0,11
Cheap,0,0,3
EUR,3,0,0
USD,3,0,0
Finding,3,0,0
Support,4,0,0
Level,3,0,0
blocks,0,1,0
Institutional,1,0,0
ownership,4,1,1
Q,2,0,0
purchase,2,0,1
waves,0,0,1
smaller,0,0,1
stk,1,0,0
raised,2,0,0
clearly,1,0,1
teens,0,0,1
momo,0,0,1
leaders,0,0,1
taken,0,0,1
performer,0,0,1
Active,0,0,1
CBOE,0,0,1
charts,3,0,1
illustrate,2,0,0
surprised,1,0,0
Failed,0,0,3
breakouts,3,0,3
Limping,0,0,3
crutches,0,0,3
HLF,0,0,3
Drop,0,0,2
expected,2,0,1
London,0,0,1
traders,1,0,1
opening,1,0,1
stood,0,0,1
zoom,0,0,1
Upgraded,2,0,0
Alpha,1,0,0
Street,2,0,1
Research,3,0,0
chance,4,0,0
expects,1,0,0
decades,1,0,0
became,1,0,0
publicly-listed,1,0,0
worry,1,0,1
Well,2,0,2
white,2,0,1
NUE,2,0,0
STLD,2,0,0
pride,0,0,2
social,0,0,2
media,1,0,3
rolling,0,0,2
through,3,0,4
Strongest,1,0,0
Industrials,1,0,0
bulishnes,1,0,0
Weakest,1,0,0
Love,2,0,1
blood,3,0,1
vampire,0,0,1
bleeding,0,0,2
Candle,1,0,0
(:,1,0,0
Ten,1,0,0
hence,1,0,0
scenario,0,0,2
forward,1,0,3
slowly,1,0,1
falling,1,0,3
everyday,0,0,1
Which,0,0,1
probable,0,0,2
LoL,2,0,2
Updating,1,0,0
LONGS,5,0,0
UP,4,0,1
YOU,4,0,0
beat,4,0,2
Tue,0,0,1
Nov,2,0,2
Go,1,0,1
experience,1,0,0
europeans,1,0,0
keeps,2,0,0
F'ing,1,0,0
Bought,1,0,0
hoping,2,0,1
uptrend,2,0,0
vendetta,0,0,1
researched,0,0,1
GALE,0,0,1
stacks,0,0,1
poorly,0,0,1
insider,0,0,1
posting,0,0,1
facts,0,0,1
Took,1,0,2
hopefully,1,0,2
kneecapped,1,0,1
itself,1,0,1
dirt,1,0,1
base,4,0,1
matter,0,0,1
ahead,5,0,3
nervous,1,0,1
outlook,0,0,2
megaphone,0,0,1
intact,1,0,0
PLUNGING,0,0,1
flush,0,0,2
Called,1,0,0
march,1,0,0
loving,1,0,0
mind,1,0,1
star,1,0,0
Joe,1,0,0
Witine,1,0,0
Longbow,1,0,0
HOLD,1,0,1
NTAP,1,0,0
trouble,1,0,1
Should,4,0,1
Accumulation,1,0,0
showing,3,0,0
accumulation,2,0,0
place,2,0,0
Head,2,0,1
Shoulders,2,0,0
reversal,3,0,1
Gas,1,0,0
Pipleline,1,0,0
Mody's,0,0,2
expiring,1,0,2
FEB,0,0,2
seling,2,0,2
strength,1,0,2
Going,2,0,1
quarterlies,0,0,1
bead,0,0,1
interesting,2,0,1
spec,0,0,1
Ur,0,0,1
penny,0,0,2
scalps,0,0,2
IRS,0,0,1
forget,1,0,0
invest,1,0,0
elon,1,0,0
acjieve,1,0,0
mission,1,0,0
faster,3,0,0
contribute,1,0,0
doubr,1,0,0
Fri,1,0,1
sleep,1,0,0
Close,0,0,1
minuscule,0,0,1
Lost,0,0,1
handsome,0,0,1
Portfolio,4,0,1
YTD,0,0,1
routing,0,0,1
trades,4,0,1
Knight,0,0,1
Receivable,0,0,1
zero,0,0,1
wtsl,1,0,0
strapped,1,0,0
waiting,4,0,1
ceo,1,0,0
announcement,6,0,0
etc,4,0,1
footprint,0,0,1
please,0,0,2
force,1,0,1
afternoon,0,0,1
usual,0,0,1
brutal,0,0,1
lose,0,0,1
ton,2,0,1
means,0,0,3
tank,0,0,1
:-p,0,0,1
Sierra,1,0,0
balance,1,0,1
impressive,1,0,0
ould,1,0,0
wonderful,2,0,0
marriage,1,0,0
min,2,0,1
bolies,1,0,0
Google,7,2,2
Soon,4,0,0
Start,2,0,0
Selling,2,0,7
Chromeboks,2,0,0
Walmart,2,0,0
Staples,2,0,0
Other,2,0,0
Retailers,2,0,0
else,1,0,2
max,0,0,1
pain,0,0,1
Favorite,2,0,0
Trends,2,0,0
Mental-stop,1,0,0
CIEN,1,0,0
broken,5,0,1
Targets,5,0,0
upwards,1,0,0
Time,1,0,4
stomp,0,0,2
dreams,0,0,2
lowest,1,0,3
October,1,0,0
Trades,1,1,0
GTIM,1,1,0
REDF,1,1,0
hope,6,0,0
momentum,1,0,0
movers,1,0,0
bancos,2,0,0
hey,2,0,0
relatively,2,0,0
large,3,0,2
backburner,2,0,0
beautifully,1,0,0
mm,1,0,0
facebok,1,0,0
limit,1,0,0
yourself,1,0,0
losing,1,0,2
shorted,1,0,1
Silver,1,0,0
enjoy,1,0,0
started,2,0,0
AG,1,0,0
AT,0,0,2
T,0,0,1
Issues,0,0,2
Statement,0,0,1
Ceiling,0,0,1
Potential,3,0,1
Government,0,0,1
Default,0,0,1
spot,0,0,1
thanks,2,0,1
sanity,0,0,1
amidst,0,0,1
cheerleading,0,0,1
ONE,0,0,1
cheerleaders,0,0,1
show,1,0,1
actual,0,0,1
valuation,0,0,4
Ready,3,0,0
OFF,1,0,0
savy,1,0,1
Daily,3,0,1
though,5,0,1
Stoch,1,0,0
lowball,0,0,1
offer,2,0,1
CC,1,0,0
lift,3,0,0
manipulation,1,0,0
overall,2,0,0
improve,1,0,0
surely,1,0,0
indicators,2,0,0
Erin,1,0,0
Murphy,1,0,0
Piper,1,0,0
Jafray,1,0,0
longer,2,0,0
quickie,1,0,0
stay,1,0,0
lighter,1,0,0
finance,1,0,0
launch,1,0,0
screens,2,0,0
longs,3,0,1
soars,3,0,0
pre-market,3,0,1
rumors,7,0,0
she,4,0,0
stake,4,0,0
LOL,4,0,0
bias,2,0,0
This,4,0,3
PAIN,0,0,1
crazy,1,0,0
engineered,1,0,0
ut,2,0,0
confidence,1,0,0
prev,1,0,0
beta,1,0,1
unfilled,0,0,1
ended,0,0,1
praise,1,0,0
god,1,0,1
riding,1,0,0
ya,1,0,0
xoma,0,0,1
blurb,1,0,0
knives,1,0,0
Wait,0,0,1
downturn,0,0,1
confirm,0,0,1
Institutions,2,0,0
seem,3,0,0
class,4,0,0
Own,2,0,0
DVR,2,0,0
AM,1,0,1
found,0,0,1
bigies,1,0,0
must,6,0,1
loading,1,0,0
wkly,1,0,1
Inverse,2,0,0
forming,1,0,0
triggers,2,0,0
PO,1,0,0
Weird,1,0,0
Embarrassing,0,0,1
signing,0,0,1
users,7,0,1
Same,0,0,2
expectations,0,0,2
Possible,1,0,0
Neckline,1,0,0
Fork,1,0,0
congestion,1,0,0
CLOSED,1,0,0
GREN,1,0,0
BULLISH,1,0,0
Lol,1,0,0
bumping,0,0,1
declining,0,0,1
overhead,0,0,1
Then,0,0,1
brother,0,0,1
:(,0,0,1
strange,1,0,0
comments,3,0,0
Was,1,0,0
thinking,2,0,0
acting,1,0,0
against,2,0,1
Weekly,2,2,0
cut,0,1,0
consider,1,0,0
improving,1,0,0
Yes,1,0,0
everything,1,0,1
World,1,0,0
fine,8,0,0
Brent,0,0,1
WTI,0,0,1
hahaha,0,0,1
yes,0,0,1
Upstream,1,0,0
MLP,1,0,0
ranked,1,0,0
estimated,1,0,0
tax,1,0,3
undiscounted,1,0,0
BBEP,1,0,0
Looks,4,0,3
Like,1,0,0
sma,1,0,0
fib,1,0,0
int,1,0,0
reports,1,0,0
CHUNK,0,0,1
OF,0,0,3
DEC,0,0,1
PUTS,0,0,1
BOUGHT,0,0,1
¬¢,0,0,1
OPENING,1,0,1
Yet,0,0,2
quick,2,0,0
FED,1,0,0
supports,1,0,1
true,0,0,1
using,1,0,1
plenty,1,0,1
reverse,0,0,3
ETF's,0,0,1
alternative,0,0,1
bubble,0,0,1
creation,0,0,1
conviction,4,0,0
competitors,1,0,0
successor,1,0,0
Northern,1,0,0
Telecom,1,0,0
competent,1,0,0
leadership,2,0,0
ICYMI,0,0,1
come,1,0,2
tired,0,0,1
traction,1,0,0
capture,0,0,2
surpassed,0,0,1
BB,2,0,2
ka,0,0,1
Android,0,0,1
Rowan,1,0,0
Expands,1,0,0
Share,1,0,0
Repurchase,1,0,0
Program,1,0,0
rush,1,0,1
give,2,0,0
Play,8,0,0
safe,1,0,0
pretty,5,0,3
attractive,2,0,0
versus,3,0,0
Or,2,0,0
SOX,2,0,0
earning,2,0,0
Small,1,0,1
interested,1,0,0
options,2,0,0
worthless,1,0,0
gapping,1,0,0
revenue,3,0,2
train,1,0,0
cellar,1,0,0
confirmation,1,0,0
bye,2,0,0
Samy,1,0,0
Hello,1,0,0
Beautiful,1,0,0
pointing,1,0,0
Solid,1,0,0
congress,1,0,0
f,1,0,0
cking,1,0,0
round,0,0,2
ladders,0,0,2
triplying,0,0,2
such,2,0,0
stomach,0,0,1
left,1,0,1
extremely,0,0,1
sensitive,1,0,1
nasdaq,0,0,1
Men,1,0,0
screen,1,0,0
severe,1,0,0
guy,1,0,1
made,4,0,1
killing,0,0,1
couple,1,0,1
stuff,1,0,0
STO,0,0,1
note,0,0,1
buyers,0,0,2
staying,1,0,0
Systems,0,0,1
D,0,0,1
Ratings,0,0,3
Downgrade,0,0,3
Today,14,0,2
Jeferies,0,0,1
till,1,0,1
closer,0,0,2
inspection,0,0,1
Resistance,0,0,2
north,0,0,1
downward,0,0,1
RIP,0,0,1
Wake,0,0,1
worth,3,0,4
assets,1,0,0
NOT,1,0,0
energy,2,0,0
completes,1,0,0
ICOA,1,0,0
continuation,1,0,0
actively,0,0,1
Shoulder,0,0,1
progress,2,0,1
Miners,1,2,0
Index,0,2,1
both,2,0,3
reporting,2,0,0
reward,2,0,1
rallied,1,0,0
Housing,1,0,0
Sector,12,0,0
beaten,0,0,1
hated,0,0,1
hm,1,0,1
opposite,0,0,1
happens,0,0,1
beats,2,0,0
sees,3,0,0
adj-EPS,1,0,0
cons,2,0,0
played,1,0,0
Why,6,0,1
credit,2,0,0
spread,2,0,1
Call,8,0,0
hitting,0,0,1
sight,0,0,1
twtr,0,0,1
pushed,0,0,1
jack,0,0,1
monkey's,0,0,1
sedond,0,0,1
somewhere,0,0,1
Yep,0,0,1
lowered,0,0,1
SMI,1,0,0
data,3,2,0
investor,2,0,0
relations,1,0,0
under,2,1,4
initiate,1,0,0
Waiting,1,0,0
feedback,1,0,0
Elon,1,0,1
Musk,2,0,1
‚Äô,4,0,1
Comparision,0,0,1
UNLES,1,0,0
europe,2,0,0
falls,1,0,0
otherwise,1,0,0
folks,1,0,0
wake,2,0,0
done,2,0,2
copious,0,0,1
research,0,0,1
thesis,0,0,1
Typed,0,0,1
Stream,1,0,0
brave,1,0,0
BILLIONS,1,0,0
mini,1,0,1
sub,1,0,0
Modest,1,0,0
selection,1,0,0
attempted,1,0,0
topping,0,0,1
tail,0,0,1
NaturalGas,0,0,1
Settles,0,0,1
Low,1,0,1
WTF,1,0,0
complaining,1,0,0
playing,1,0,1
emotions,1,0,0
MEN,1,0,0
IMHO,1,0,0
hang,1,0,1
bux,0,0,1
solid,1,0,0
extreme,0,0,1
bowl,0,0,1
cherries,0,0,1
setting,0,0,2
behind,1,0,0
Corzin,0,0,1
hghst,0,0,1
ex-dividend,0,0,1
Covered,4,0,0
shopped,2,0,0
Black,6,0,1
retailers,2,0,4
whose,2,0,0
own,2,0,0
Luv,2,0,0
shop,2,0,0
online,4,0,0
jammers,4,0,0
went,1,0,1
ask,0,0,1
medium,1,0,0
buddy,1,0,0
NFLX,2,0,0
Toxic,0,0,1
Raising,0,0,1
Red,0,0,1
Flags,0,0,1
Week,3,0,1
sweet,1,0,0
ST,1,0,0
runner,2,0,0
jigines,1,0,0
waking,1,0,0
Multi-year,2,0,0
fast,0,0,3
dive,0,0,1
Fast,0,0,1
pi,1,0,0
cpi,1,0,0
Comods,1,0,0
super,1,0,0
revisit,1,0,0
bus,1,0,0
FMF,0,0,1
Hedge,0,0,1
Fund,0,0,1
Exposure,0,0,1
Can,1,0,3
sharks,0,0,1
trust,0,0,1
raise,2,0,0
Questcor,1,0,0
Increases,1,0,0
Quarterly,1,0,0
Ichimoku,0,0,1
Sept,0,0,1
release,1,0,1
producing,1,0,0
Xover,1,0,0
use,2,0,0
Stop,2,0,1
Baltic,0,0,1
Dry,0,0,1
Amazon,2,0,1
declares,1,0,0
ever,2,0,0
Cyber,1,0,0
Kindle,1,0,1
family,1,0,0
Engadget,1,0,0
CEO,1,0,2
CRM,1,0,0
VOIP,1,0,0
idy,1,0,0
Holy,1,0,0
batman,1,0,0
plan,1,0,0
comes,2,0,0
together,3,0,0
picks,2,0,0
breaks,0,0,3
scaredy,1,0,0
cat,1,0,0
Bricks,0,0,2
Mortar,0,0,2
cheaper,1,0,3
across,0,0,2
board,0,0,2
closes,1,0,0
stableize,1,0,0
Tomorrow,1,0,2
party,0,0,2
glorious,1,0,0
appear,2,0,0
exhausted,1,0,0
BTFD,1,0,0
school,1,0,0
quietly,1,0,0
covering,1,0,0
bs,1,0,0
AUG,1,0,0
Sinks,0,0,1
Flat,1,0,0
Vistaprint,1,0,0
raises,1,0,0
guidance,2,0,0
reflect,1,0,0
completion,1,0,0
Albumprinter,1,0,0
reviewing,1,0,0
GMCR's,1,0,0
recovery,1,0,0
toward,1,0,0
shareholders,2,0,1
encouragement,1,0,0
questcor,1,0,0
Wilful,0,0,1
calculations,0,0,1
damages,0,0,1
highly,0,0,3
doubt,0,0,1
happy,1,0,1
Tuesday,1,0,0
night,1,0,0
serious,2,0,0
lready,1,0,0
emails,1,0,0
oyah,1,0,0
Also,2,0,0
betting,1,0,1
Twitter,5,0,0
heard,2,0,0
first,1,0,0
Regional,1,0,0
Banking,1,0,0
somewhat,1,0,0
tempting,1,0,0
cuppa,1,0,0
joes,1,0,0
Both,1,0,0
GO,2,0,0
Bermuda,1,0,0
daylight,1,0,0
met,1,0,0
person,1,0,0
mentioned,2,0,0
upgrade,1,0,1
EPIC,1,0,0
learnt,1,0,0
devices,2,0,0
Intermarket,1,0,0
ago,0,0,1
noted,0,0,1
formed,0,0,1
measured,0,0,1
infinite,0,0,1
downgraded,0,0,4
reliably,1,0,0
finding,1,0,0
cancer,5,0,0
mutations,1,0,0
urine,1,0,0
colon,1,0,0
pancreatic,1,0,0
melanoma,1,0,0
thyroid,1,0,0
jackpot,1,0,0
Following,1,0,1
morning's,1,0,1
blew,1,0,1
LOOKS,1,0,0
bouncing,1,0,0
finish,1,0,3
hammer,1,0,0
Fingers,1,0,0
crossed,1,0,0
single,0,0,2
digits,1,0,1
Gaining,1,0,0
signals,1,0,0
intermediate,1,0,0
Uptrend,1,0,0
closng,1,0,0
CALL,1,0,0
OMNIVISION,1,0,0
TECH,1,0,0
EXP,1,0,0
snap,1,0,0
LT,1,0,0
crushed,0,0,2
Reiterating,1,0,0
newbies,1,0,0
notice,1,0,0
domsaying,1,0,0
bears,1,0,0
disappear,1,0,0
during,5,0,0
climbs,1,0,0
opportunists,1,0,0
Ignore,1,0,0
demand,2,0,0
minds,1,0,0
Better,2,0,0
prepared,1,0,0
player,0,0,1
drug,0,0,2
indication,0,0,1
qe,0,0,1
Tesla,3,0,5
Model,2,0,5
exceed,2,0,0
profitability,1,0,0
amended,1,0,0
upward,1,0,0
Casinos,0,0,1
bell,0,0,2
unusual,0,0,1
comibinations,0,0,1
apart,0,0,1
suite,1,0,0
suitor,1,0,0
Lovaza,0,0,1
scripts,0,0,1
Impossible,0,0,1
stand,0,0,1
excellent,0,0,1
factual,0,0,1
argument,0,0,1
Ha,0,0,1
relative,2,0,1
apparent,0,0,1
boat,0,0,2
full,0,0,1
prefer,0,0,1
empty,0,0,1
rumor,1,0,1
hen,0,0,1
fly,0,0,2
Movers,1,0,2
NHs,1,0,0
NH,1,0,0
Expanding,1,0,0
Caliber,1,0,0
ISRG,0,0,1
USA,0,0,1
Home,0,0,1
MoM,0,0,1
Est,0,0,1
Prior,0,0,1
Revised,0,0,1
constructive,1,0,0
reversing,0,0,1
loks,0,0,1
shot,1,0,1
sound,1,0,0
od,1,0,0
Inside,1,0,0
SQL,2,0,0
Server,4,0,0
grew,1,0,0
double-digit,1,0,0
Premium,1,0,0
growing,3,0,1
thread,0,0,1
click,0,0,1
cliff,0,0,1
Needs,0,0,1
snap-back,0,0,1
VIX,0,0,1
ADX,1,0,0
crossing,1,0,0
lines,1,0,0
Setup,1,0,0
FOMC,0,0,2
Moves,0,0,1
sides,0,0,1
larger,0,0,1
ranges,0,0,1
nimble,0,0,1
cautious,0,0,1
adding,7,0,0
Brutal,0,0,1
slide,0,0,1
Feels,0,0,1
Junior,1,0,0
EYE,1,0,0
Shipping,2,0,0
Sectors,2,0,0
Rise,3,0,0
Again,5,0,0
surprising,0,0,1
something,0,0,1
considering,0,0,1
businesses,0,0,4
called,0,0,1
scam,0,0,1
feb,0,0,1
quarter,3,0,2
YoY,0,0,1
rev,0,0,1
try,0,0,1
innovate,1,0,0
develop,1,0,0
afraid,1,0,0
stalling,0,1,0
Thursday,0,1,0
Need,0,3,0
VISION,0,1,0
near-term,0,1,0
Northland,0,0,1
recommends,0,0,1
face,0,0,1
PT,6,0,3
suggest,0,0,1
valuations,0,0,1
Come,1,0,0
guys,1,0,0
gals,1,0,0
ivory,0,0,1
tower,0,0,1
loved,0,0,1
boyah,0,0,1
damage,1,0,0
success,1,0,0
myth,1,0,0
Stanley,1,0,1
tricky,0,0,1
bastards,0,0,1
Ran,0,0,1
gave,0,0,1
joint,1,0,0
venture,1,0,0
shoots,1,0,0
MOON,1,0,0
pumper,1,0,0
laugh,1,0,0
She,1,0,0
apparently,1,0,0
People,1,0,0
EOD,1,0,0
explosive,1,0,0
caught,1,0,0
Money-Losing,0,0,1
Junk,0,0,1
instead,0,0,1
Grab,1,0,0
aside,0,0,1
vervalued,0,0,1
ETF,0,0,1
JMHO,0,0,1
ignorant,0,0,1
smack,0,0,1
legitimate,0,0,1
Abercrombie,0,0,1
Fitch,0,0,1
Falls,0,0,1
Pre-Market,0,0,1
Results,0,0,2
Litle-Discused,0,0,1
Pro,0,0,1
Lumber,0,0,1
Liquidators,0,0,1
stuck,0,0,1
mud,0,0,1
Haliburton,0,0,1
HAL,0,0,1
Trading,0,0,1
Lower,0,0,1
Warning,0,0,1
Upbeat,0,0,1
Earnings,2,0,3
raid,0,0,1
SOMETHING,1,0,0
intel,1,0,0
stagnant,1,0,0
pick,1,0,0
delivering,1,0,0
goods,1,0,0
spill,1,0,0
chinese,1,0,0
internet,1,0,0
BK,0,0,1
possibility,0,0,1
lotto,1,0,0
Austrians,0,0,1
EARMUFFS,0,0,1
Ok,0,0,1
Reasons,0,0,5
divergences,1,0,0
Player,1,0,0
Wish,1,0,0
pulled,1,0,0
kog,1,0,0
shorters,1,0,0
learned,1,0,0
leson,1,0,0
realize,1,0,0
skyrocketed,1,0,0
abroad,1,0,0
increased,1,0,1
conversations,1,0,1
hour,2,0,1
Accumulating,0,0,1
GOBS,0,0,1
outshined,0,0,1
ORCL,0,0,1
chill,0,0,1
pill,0,0,1
vwap,1,0,0
LOT,1,0,0
radars,1,0,0
device,1,0,0
Miles,1,0,0
competition,2,0,1
frozen,1,0,0
headlights,1,0,0
Phase,0,0,1
experiencing,0,0,1
rejection,0,0,1
retest,0,0,1
onday,0,0,1
frewater,0,0,1
water,0,0,1
rafting,0,0,2
famous,1,0,0
lunch,1,0,0
fade,4,0,4
routine,1,0,0
SP,1,0,0
hands,1,0,0
flushed,1,0,0
metals,4,0,4
miners,1,0,0
Fear,1,0,0
Guess,2,0,0
Mr,1,0,0
Greed,1,0,0
resolved,1,0,0
Breakaway,1,0,0
trapped,1,0,0
CME,1,0,0
rule,1,0,0
Marry,1,0,0
Christmas,1,0,0
:-),1,0,0
sellers,0,0,1
saw,0,0,1
More,1,0,3
cst,0,0,1
Russell,1,0,0
annual,1,0,0
constitution,2,0,0
per,1,0,1
Ross,2,0,0
Stores,1,0,0
RBC,1,0,0
upgraded,2,0,0
ATHN,1,0,0
Now,1,0,2
clubs,0,0,1
terrible,0,0,1
golfer,0,0,1
Neutral,0,0,1
Wedbush,0,0,1
Lowered,0,0,1
handle,2,0,0
Torture,0,0,2
Feb,2,0,1
Shareholders,0,0,1
meting,0,0,1
SURE,0,0,1
HOPE,0,0,1
SO,0,0,1
explains,1,0,0
Watson,1,0,0
destroy,1,0,0
jobs,1,0,0
UNUSUAL,1,0,0
BUYER,1,0,0
WAV,1,0,0
ASK,1,0,0
ISE,1,0,0
::,2,0,0
IV,2,0,0
USUAL,1,0,0
Walter,0,0,1
Investment,0,0,1
Management,0,0,1
Corp,0,0,1
Compass,0,0,1
Point,0,0,1
accept,0,0,1
condolences,0,0,1
either,0,0,1
ema's,0,0,1
acted,0,0,1
Patiently,1,0,0
enter,1,0,0
suport,1,0,1
notes,1,0,0
mis,2,0,1
underpricing,1,0,0
Minute,0,0,1
threatening,0,0,1
descending,0,0,1
triangle,0,0,1
breakdown,0,0,1
hat,2,0,0
Next,1,0,0
fed's,1,0,0
meeting,1,0,0
Any,0,0,1
AMRN,0,0,1
ratio,8,0,0
management,1,0,0
outstanding,1,0,0
Major,1,0,0
skin,1,0,0
game,1,0,0
attentive,0,0,1
oving,0,0,1
UPGRADE,1,0,0
MS,1,0,0
overweight,1,0,0
Excellent,1,0,0
cal,0,0,1
oks,0,0,1
retakes,1,0,0
Tugs,4,0,0
heartstrings,4,0,0
‚É£,0,0,16
Bigest,0,0,8
Losers,0,0,8
highlight,0,0,3
REAL,0,0,3
pharma,0,0,3
Payers,0,0,3
Unusual,8,0,0
Insiders,0,0,6
Ford,0,0,6
Motor,0,0,6
fence,0,1,0
dither,0,1,0
Activity,4,0,0
Rae,0,0,1
Chipera,0,0,1
placed,0,0,1
Setups,0,0,8
Realy,0,0,8
targets,4,0,0
Consensus,2,0,0
Revenue,1,0,0
Autocharts,4,0,0
Bottom,0,0,5
Losses,0,0,5
outperforms,1,2,0
CNBC,1,2,1
column,1,2,0
highlights,1,2,0
provides,1,2,0
favorable,1,2,0
Citron,1,2,0
quote,1,2,0
OMG,1,0,1
YAS,0,0,3
UR,0,0,1
COVER,0,0,1
PILOWTALK,0,0,1
IS,0,0,1
PERF,0,0,1
üòç,0,0,3
curious,4,0,0
among,14,0,0
step,1,0,0
Hope,1,0,0
unlock,1,0,0
government,1,0,0
job,2,0,0
offers,1,0,0
airlines,3,0,0
battle,3,0,0
Cuba,5,0,0
routes,3,0,0
Headed,1,0,0
unforeseen,1,0,0
safety,1,0,0
issue,1,0,1
rejected,0,0,1
r,0,1,3
g,0,1,3
mins,0,0,1
peachy,1,0,0
prospects,1,0,0
maker,1,0,0
pips,6,0,0
Visit,3,0,0
dragging,0,0,1
cuts,0,0,1
sympathy,0,0,1
C√¥te,1,0,0
d'ivoire,1,0,0
Vers,1,0,0
une,1,0,0
r√©forme,1,0,0
de,3,0,4
la,4,0,4
Bad,0,0,2
governance,0,0,2
inst,2,1,0
egregious,2,1,0
debated,1,0,0
fun,1,0,0
Wondering,2,0,0
bid,4,0,1
beating,2,0,0
Followed,3,0,0
shared,3,0,0
Sunday,1,0,0
watchlist,1,0,0
MON,2,0,0
Break,4,0,0
Adding,4,0,0
Chevron,6,0,1
DOW,1,0,0
IF,4,0,0
retake,4,0,0
Internet,5,0,1
Baird,3,0,0
likes,1,0,0
outperform,1,0,0
lifts,1,0,0
firm,1,0,0
necessary,1,0,0
qtrs,1,0,0
system,1,0,0
uses,4,0,2
selfies,1,0,0
blinking,1,0,0
Mail,2,0,0
mix,2,0,0
Today's,0,0,5
terribly,0,0,1
original,2,0,0
Fri's,2,0,0
damned,2,0,0
Evercore,1,0,0
ISI,1,0,0
Muken,1,0,0
revised,1,0,0
ICON,1,0,0
Ilumina,1,0,0
Metler-Toledo,1,0,0
Notable,3,0,0
liquid,3,0,0
include,3,0,0
skinny,1,0,0
iPhone,5,0,2
Galaxy,1,0,0
succeeding,1,0,0
dominated,1,0,0
Morning,7,0,2
trending,7,0,0
Landed,1,0,0
Biotech's,2,0,0
wks,2,0,0
flows,2,0,0
graph,2,0,0
Walgrens,1,0,0
Boots,1,0,0
Aliance,1,0,0
warrants,1,0,0
AmerisourceBergen,1,0,0
laughing,1,0,0
logistic,1,0,0
provider,2,0,0
ambitions,2,0,0
fool,1,0,0
Agree,0,0,1
peg,0,0,1
historical,0,0,1
PE,0,0,1
Recall,0,0,1
Reliability,0,0,1
LVMH,2,0,0
affordable,2,0,0
helped,2,0,0
duty-free,2,0,0
mainstream,2,0,0
shoppers,2,0,0
Booze,2,0,0
beauty,2,0,0
Trying,1,0,0
faces,2,0,0
different,2,0,0
Leading,9,0,0
SUVs,0,0,2
seat,0,0,1
recalling,0,0,2
cars,1,0,2
cup,1,0,0
Where,0,0,1
realizing,0,0,1
SnR,0,0,1
problem,0,0,1
newsfeds,0,0,1
believe,2,0,0
realistic,2,0,0
FINAL,2,0,1
TRADES,2,0,1
Pete,2,0,1
Najarian,2,0,1
‚Äî,8,0,4
Brian,2,0,1
Kelly,2,0,1
Karen,2,0,1
Finerman,2,0,1
Guy,2,0,1
Adami,2,0,1
thk,1,0,0
failure,1,0,0
cos,1,0,0
forgetting,1,0,0
caution,0,0,2
Jason,0,0,1
pass,0,0,2
nt,0,0,1
focus,0,0,1
ES,0,0,1
CL,0,0,1
recalls,0,0,2
dropping,0,0,2
Recal,1,0,0
financial,1,0,0
results,2,0,1
Excel,1,0,0
nonGAP,1,0,0
spreadsheet,1,0,0
Imperial,1,0,0
Economist,1,0,0
b,1,0,0
o,1,0,0
shipments,1,0,3
forecasts,1,0,0
MarketWatch,1,0,0
Stockwhisperer,3,0,0
sharp,2,0,0
equities,2,0,0
hammered,2,0,0
Gogle's,2,0,3
Amazon's,2,0,2
Alerts,2,0,0
InvestorsObserver,2,0,0
los,7,0,0
picking,2,0,0
railroad,2,0,0
retirement,2,0,0
act,2,0,0
example,1,0,0
GLB,1,0,0
Interest,1,0,0
Heats,1,0,0
Journal,1,0,0
Apparently,1,0,0
Intel,2,0,0
women,1,0,0
paid,1,0,0
men,1,0,0
concept,2,0,0
Gender,1,0,0
Parity,1,0,0
Lead,2,0,0
details,2,0,0
TUES,2,0,0
Court,1,0,0
tells,1,0,0
states,1,0,0
alone,1,0,0
gate,1,0,0
Break-out,1,0,0
DMA,1,0,0
upper,1,0,1
Nr,1,0,0
obj,1,0,0
Cachet,1,0,0
Financial,1,0,0
Solutions,1,0,0
Surging,1,0,0
Forward,1,0,0
hourly,1,0,0
currently,1,0,0
Isolationism,0,0,2
Rating,1,2,2
IWM,0,0,2
Several,0,0,2
Companies,1,0,2
streets,3,0,0
reiterates,3,0,0
okay,2,0,1
gamble,2,0,0
tad,0,0,1
overreaction,0,0,1
Deutsche,0,0,2
Bank,0,0,2
reduced,0,0,1
Five,3,0,0
Helped,3,0,0
Starboard,3,0,0
Value,3,0,0
Return,3,0,0
Mark,2,0,0
Zuckerberg,1,0,0
ÿπŸàÿßÿ¶ÿØ,1,0,0
ŸÅŸäÿ≥ÿ®ŸàŸÉ,1,0,0
ÿßŸÑÿ™ÿßÿ±ŸäÿÆŸäÿ©,1,0,0
ŸàÿßŸÑŸÖÿ™ŸàŸÇÿπÿ©,1,0,0
ÿ≠ÿ™Ÿâ,1,0,0
peaks,1,0,0
short-term,1,0,1
perspective,1,0,0
sliding,1,0,0
grabbed,1,0,0
tme,1,0,0
grow,1,0,0
sexy,1,0,0
gone,1,0,0
Whole,1,0,2
Foods,0,0,1
vote,0,0,1
activist,0,0,1
initiatives,0,0,1
fan,1,0,0
Gogle,2,0,0
Alphabet,5,0,0
TripAdvisor,1,0,0
jumps,1,0,0
M,2,0,0
A,2,0,0
Confirmed,1,0,0
Wm,1,0,0
R,1,0,0
Upturn,1,0,0
Dow,2,0,1
Nike,2,0,1
IBM,4,0,1
borrow,0,0,2
avail,0,0,2
Guys,1,0,0
MJN,1,0,0
deals,2,0,0
visit,2,0,0
foods,1,0,1
wise,1,0,1
compete,1,0,1
Kroger,1,0,1
Akamai,1,0,0
Onetime,1,0,0
Zombie,1,0,0
Aple's,1,0,1
SE,2,0,1
Doing,1,0,0
Than,1,0,0
Expected,1,0,0
BIG,1,0,0
number,1,0,0
brands,1,0,0
tasty,1,0,0
slight,1,0,0
gren,1,0,0
Pivotal,2,0,0
service,1,0,0
platforms,1,0,0
goo,1,0,0
Our,1,0,0
pushing,1,0,0
Longs,6,0,0
Supermarket,1,0,0
Tesco,3,0,0
Plans,1,0,0
Axe,1,0,0
Non-core,1,0,0
UK,1,0,0
Assets,1,0,0
ITM,1,0,0
popping,1,0,0
cusp,1,0,0
bolinger,1,0,0
sitting,1,0,0
EMA,1,0,0
Liberty,1,0,0
Global,1,0,0
Cable,1,0,0
broadband,1,0,0
Mid-single,1,0,0
EBITDA,1,0,0
FCF,2,0,0
buybacks,1,0,0
dumped,0,0,1
burn,1,0,0
Commented,4,2,0
ParkerVision,4,0,0
An,4,0,0
Aggressive,4,0,0
ripping,1,0,0
detector,1,0,0
autonomous,1,0,0
theme,2,0,0
vogue,2,0,0
sued,0,0,1
FTC,0,0,1
obody,0,0,1
heads,0,0,1
LargeCap,1,0,0
Growth,1,0,0
fundholders,1,0,0
salon,1,0,0
Mulls,1,0,0
Sale,2,0,0
Venture,1,0,0
sources,1,0,1
cited,0,0,1
talks,0,0,1
including,0,0,1
Verizon,1,0,1
CBS,0,0,1
InterActiveCorp,0,0,1
high-flyers,0,0,2
decision,0,0,1
robot,0,0,1
exposes,0,0,1
pains,0,0,1
Have,5,0,0
Adobe,2,0,0
Analyst,2,0,0
Alcoa,0,0,2
Kicks,0,0,2
Quarter,0,0,2
Cautious,0,0,2
Yaho's,1,0,0
bidder,1,0,0
gaining,0,0,2
fees,1,0,1
Qualcom,1,0,1
Increase,1,0,0
Rewards,1,0,0
Patient,1,0,0
Investors,1,0,0
Future,1,0,0
Bright,1,0,0
Regeneron,1,0,0
Pharma,1,0,0
Intelia,1,0,0
Thera,1,0,0
announce,1,0,0
licensing,1,0,0
agreement,1,0,0
advance,1,0,0
Crispr,1,0,0
Cas,1,0,0
gene-editing,1,0,0
HOT,1,0,0
Starbucks,1,0,4
program,0,0,2
Neither,0,0,1
Forget,1,0,0
drone,1,0,0
delivery,1,0,0
signed,1,0,0
lease,1,0,0
cargo,1,0,0
planes,1,0,0
figure,1,0,0
build,1,0,0
Tsla,1,0,0
Quietly,1,0,0
become,1,0,0
platform,1,0,0
Electronic,1,0,0
Arts,1,0,0
attracts,1,0,0
fizzles,1,0,0
Timber,0,0,1
hires,1,0,0
former,1,0,0
executive,1,0,0
George,1,0,0
Stathakopoulos,1,0,0
corporate,1,0,0
security,1,0,0
Reuters,1,0,0
slipping,0,0,1
They,0,0,1
telling,0,0,1
consumers,0,0,1
giving,0,0,1
customers,0,0,1
Drugs,1,0,0
Biotech,1,0,0
Perky,1,0,0
Israel,0,0,2
taxes,0,0,2
co,1,0,2
holdings,3,0,0
Schizo,0,0,3
video,0,0,3
Disclaimer,0,0,3
Services,1,0,1
cable,1,0,0
shine,1,0,2
words,1,0,2
Locked,0,0,1
B,1,0,0
O,1,0,0
Upgrades,1,0,0
Motors,2,0,1
evader,0,0,1
married,0,0,1
heart,0,0,1
leftie,0,0,1
shit,0,0,1
secure,0,0,1
thought,0,0,1
Costco,1,0,1
stellar,0,0,1
Weeks,1,0,0
Harvoni,1,0,0
Vedroprevir,1,0,0
Cures,1,0,0
Hard-to-Treat,1,0,0
members,1,0,0
a,1,0,0
Mariot,3,0,0
tremendous,2,0,0
nao,0,0,1
preciso,0,0,1
escola,0,0,1
meu,0,0,1
amor,0,0,1
eu,0,0,1
tenho,0,0,1
beleza,0,0,1
significant,1,0,0
tsla,1,0,0
screnshot,1,0,0
vrx,1,0,0
Espero,1,0,1
que,2,0,2
siga,1,0,1
retenci√≥n,1,0,1
ganas,1,0,1
ir,1,0,1
cole,1,0,1
son,1,0,1
wins,2,0,0
->,1,0,0
master,1,0,0
conquer,1,0,0
mobile,2,0,0
turned,1,0,0
fortunes,1,0,0
WRT,1,0,0
astonishing,1,0,0
Period,1,0,0
pussy,1,0,0
taste,1,0,0
nigga,1,0,0
Indices,0,0,2
rallying,0,0,2
underperforming,0,0,2
Instagram,1,0,0
WhatsAp,1,0,0
Oculus,1,0,0
Rift,1,0,0
Keep,1,0,0
Faceboks,1,0,0
Long-Term,1,0,0
Robust,1,0,0
chapter,1,0,0
model,1,0,2
strongest,1,0,0
revisions,1,0,0
bottomed,1,0,0
‚Äì,1,0,0
Infection,0,0,1
worries,0,0,1
prompt,0,0,1
regulatory,0,0,1
reviews,0,0,1
leukaemia,0,0,1
intraday,0,0,1
reversals,0,0,1
Shorts,0,0,1
Premier,1,0,0
Retail,1,0,0
GG,0,0,3
quarterly,0,0,3
dethrones,0,0,3
decade,0,0,3
Corporation,1,0,0
Pushing,1,0,0
Channel,1,0,0
Development,1,0,0
mktcap,1,0,1
size,1,0,1
ight,1,0,1
content,1,0,1
Seeing,0,0,1
Competition,0,0,1
Gigabit,0,0,1
TOP,3,0,0
STOCK,3,0,0
PICKS,3,0,0
FOR,3,0,0
TUESDAY,3,0,0
Anglo,0,0,1
doomed,0,0,1
pienso,0,0,1
tirar,0,0,1
NetAp,0,0,1
Macquarie,0,0,1
underperform,0,0,1
spend,0,0,1
Web,0,0,1
Slims,0,0,1
lobby,0,0,1
Garland,0,0,1
Nobody,1,0,0
recommending,1,0,0
sale,1,0,0
Whisper,1,0,0
BMW,2,0,0
entering,2,0,0
ride-share,2,0,0
Notice,0,0,1
Movie,0,0,1
Sumer,0,0,1
portrait,0,0,1
EDGE,0,0,1
INOCENCE,0,0,1
htps,0,0,1
:/,0,0,1
dipping,1,0,0
testing,1,0,0
ma,1,0,0
slowing,0,0,1
timely,0,0,1
coincident,0,0,1
indicator,0,0,1
bidding,1,0,0
war,1,0,0
Retracement,0,0,1
Trendline,0,0,1
Analysts,1,0,1
impressed,1,0,0
Tesla's,2,0,0
flagship,1,0,0
factory,1,0,0
spent,1,0,0
surprise,1,0,0
Few,1,0,0
dump,0,0,1
Impressive,1,0,0
Oracle,1,0,0
pops,1,0,0
Whew,0,0,1
s√∂zc√ºƒü√º,0,0,2
hayal,0,0,2
kƒ±rƒ±klƒ±ƒüƒ±nƒ±n,0,0,2
en,1,0,2
kƒ±rgƒ±n,0,0,2
noktasƒ±dƒ±r,0,0,2
Almost,0,0,1
outside,0,0,1
crowd,1,0,0
concert,1,0,0
literally,1,0,0
Workers,1,0,0
Salaries,1,0,0
Job,1,0,0
Satisfaction,1,0,0
PLC,1,0,0
Announces,1,0,0
Partial,1,0,0
Stake,1,0,0
Lazada,1,0,0
after-hour,0,0,1
explain,0,0,1
premium,0,0,1
Jim,2,0,0
Cramer,1,0,0
Cisco-Synata,1,0,0
game-changer,1,0,0
street,1,0,0
Fck,0,0,1
Bird,0,0,1
soaring,0,0,1
backtest,0,0,1
Finance,0,0,2
ECZ,0,0,2
Ecosciences,0,0,2
Eliot,0,0,1
Wave,0,0,1
Update,0,0,1
zigzag,0,0,1
largest,1,0,0
world,1,0,0
January,1,0,0
tiniest,1,0,0
issues,2,0,0
Seat,1,0,0
Miligan,1,0,0
Barclays,1,0,0
urgency,1,0,0
window,1,0,0
stocking,1,0,0
ARM,2,0,0
AMD,2,0,0
Begin,2,0,0
Assault,2,0,0
Intel's,2,0,0
Franchise,2,0,0
band,1,0,0
retrace,1,0,0
prior,1,0,0
Dev,1,0,0
Conf,1,0,0
Remote,1,0,0
Control,1,0,0
Maker,1,0,0
Surges,1,0,0
Comcast,1,0,0
witnessing,1,0,0
slow-motion,1,0,0
disruption,1,0,0
auto,1,0,0
Excusan,0,0,1
Rosa,0,0,1
Flop,0,0,1
forecast,0,0,1
Innovation,0,2,0
expecting,1,0,0
Minnesota,0,0,1
season,0,0,1
sneakers,0,0,1
Fastenal,0,0,1
Debo,1,0,0
asumir,1,0,0
ante,1,0,0
econ√≥mica,1,0,0
Partidos,1,0,0
pagar√°n,1,0,0
el,1,0,0
costo,1,0,0
sus,1,0,0
primarias,1,0,0
¬ø,2,0,0
Con,1,0,0
eso,1,0,0
pagamos,1,0,0
Ed,1,0,0
Sudden,1,0,0
i,1,0,0
gives,1,0,0
Tickr,0,0,1
Michael,0,0,1
James,0,0,1
Enterprises,0,0,1
ŒºŒ∑ŒΩ,0,0,1
Œ¥ŒµŒπœáŒΩŒµœÑŒµ,0,0,1
œÄŒ±œÅŒ±ŒªŒπŒ±,0,0,2
œÅŒµ,0,0,1
Œ∏ŒµŒªœâ,0,0,1
ŒΩŒ±,0,0,4
œÄŒ±œâ,0,0,1
ŒæŒ±œÄŒªœâœÉœâ,0,0,1
œÉŒµ,0,0,1
ŒºŒπŒ±,0,0,1
Œ∫Œ±Œπ,0,0,1
ŒµœÅŒ∏ŒøœÖŒΩ,0,0,1
ŒºŒµ,0,0,1
ŒºŒ±Œ∂ŒµœàŒøœÖŒΩ,0,0,1
Œ∫Œ±œÑŒ±,0,0,1
œÑŒøŒΩ,0,0,1
ŒøŒ∫œÑœâŒ≤œÅŒ∑,0,0,1
¬•,1,0,0
uro,1,0,0
uch,1,0,0
pocket,1,0,0
emember,1,0,0
backfire,1,0,0
Rated,1,0,0
View,1,0,0
ratings,1,0,0
conference,1,0,0
underestimate,1,0,0
‡∏•,1,0,0
‡∏¥,1,0,0
‡πâ,1,0,0
‡∏á‡∏Ñ,1,0,0
‡πå,1,0,0
‡∏Ç,1,0,0
‡πà,1,0,0
‡∏≤‡∏ß,1,0,0
stepping,1,0,0
dropped,0,0,1
Windows,1,0,0
XP,1,0,0
popular,1,0,0
OS,1,0,0
supported,1,0,0
said,1,0,0
trends,2,0,0
incrementaly,1,0,0
spending,1,0,0
channels,1,0,0
agree,1,0,0
anywhere,1,0,0
lor,1,0,0
percentage,1,0,0
never,1,0,0
Bigger,1,0,0
honestly,0,0,1
disappointing,0,0,1
Thoughts,0,0,1
comparison,0,0,1
worse,0,0,1
kinds,1,0,0
Starwod,1,0,0
raising,1,0,0
portion,1,0,0
Anbang's,1,0,0
values,1,0,0
space,1,0,0
local,1,0,0
agents,1,0,0
middle,1,0,0
India,1,0,0
Ah,0,0,1
curing,0,0,1
becoming,1,0,0
go-to,1,0,0
site,1,0,0
categories,1,0,0
ecomerce,1,0,0
Combat,1,0,0
Leadership,1,0,0
Tips,1,0,0
Badas,1,0,0
Marine,1,0,0
PM,1,0,0
reached,1,0,0
TSLA,1,0,0
MOMO,1,0,0
Discovery,1,0,0
Trust,1,0,0
Meanwhile,1,0,0
mulling,1,0,0
Slips,0,0,2
ArcelorMital,0,0,2
Gains,1,0,2
Puts,0,0,1
Helps,0,0,1
expenses,0,0,1
Up'd,0,0,1
lololol,0,0,1
Omg,1,0,0
territory,1,0,0
supercomputer,1,0,0
Sanofi,0,0,1
often,0,0,1
Sharp,1,0,0
Low-Quality,1,0,0
Points,1,0,0
Ongoing,1,0,0
drive,1,0,0
Lerink,1,0,0
rated,1,0,0
Si,0,0,1
pensamos,0,0,1
TODA,0,0,1
LA,0,0,1
RESPONSABILIDAD,0,0,1
depends,0,0,1
Asamblea,0,0,1
Nacional,0,0,1
para,0,0,1
resolverla,0,0,1
como,0,0,1
ciudadanos,0,0,1
esta,0,0,1
brings,1,0,0
upscale,1,0,0
Either,1,0,0
trader,1,0,0
